<?xml version="1.0" encoding="utf-8"?>
<feed xmlns="http://www.w3.org/2005/Atom">
  <title>宝昌</title>
  <icon>http://a-b.cc/icon.png</icon>
  <subtitle>BaoChn</subtitle>
  <link href="http://a-b.cc/atom.xml" rel="self"/>
  
  <link href="http://a-b.cc/"/>
  <updated>2023-10-10T14:43:29.712Z</updated>
  <id>http://a-b.cc/</id>
  
  <author>
    <name>宝昌</name>
    
  </author>
  
  <generator uri="https://hexo.io/">Hexo</generator>
  
  <entry>
    <title>🧼 镜头画面污点修复（LR篇）</title>
    <link href="http://a-b.cc/2023/09/08/stain-removal/"/>
    <id>http://a-b.cc/2023/09/08/stain-removal/</id>
    <published>2023-09-08T09:58:40.000Z</published>
    <updated>2023-10-10T14:43:29.712Z</updated>
    
    
    <summary type="html">解决粗心摄像师的一大困扰</summary>
    
    
    
    <category term="Skill" scheme="http://a-b.cc/categories/Skill/"/>
    
    
    <category term="Lightroom" scheme="http://a-b.cc/tags/Lightroom/"/>
    
    <category term="视频处理" scheme="http://a-b.cc/tags/%E8%A7%86%E9%A2%91%E5%A4%84%E7%90%86/"/>
    
  </entry>
  
  <entry>
    <title>🪟Windows 好软推荐</title>
    <link href="http://a-b.cc/2023/04/04/win-apps/"/>
    <id>http://a-b.cc/2023/04/04/win-apps/</id>
    <published>2023-04-03T22:15:00.000Z</published>
    <updated>2023-10-10T15:34:49.751Z</updated>
    
    
    <summary type="html">一些小众却好用的宝藏应用集</summary>
    
    
    
    <category term="Skill" scheme="http://a-b.cc/categories/Skill/"/>
    
    
    <category term="Windows" scheme="http://a-b.cc/tags/Windows/"/>
    
  </entry>
  
  <entry>
    <title>💡拒升 WIN11 却馋 WSA？安排！</title>
    <link href="http://a-b.cc/2023/03/01/wsa-free/"/>
    <id>http://a-b.cc/2023/03/01/wsa-free/</id>
    <published>2023-03-01T03:18:00.000Z</published>
    <updated>2023-10-10T15:34:12.834Z</updated>
    
    
    <summary type="html">玩转 Win10 安卓应用新姿势</summary>
    
    
    
    <category term="Skill" scheme="http://a-b.cc/categories/Skill/"/>
    
    
    <category term="Windows 10" scheme="http://a-b.cc/tags/Windows-10/"/>
    
  </entry>
  
  <entry>
    <title>💾FFmpeg 转码笔记</title>
    <link href="http://a-b.cc/2022/08/08/ffmpeg-notes/"/>
    <id>http://a-b.cc/2022/08/08/ffmpeg-notes/</id>
    <published>2022-08-08T09:22:37.000Z</published>
    <updated>2023-10-11T14:49:10.856Z</updated>
    
    
      
      
        
        
    <summary type="html">&lt;h2 id=&quot;一、配置系统环境变量&quot;&gt;&lt;a href=&quot;#一、配置系统环境变量&quot; class=&quot;headerlink&quot; title=&quot;一、配置系统环境变量&quot;&gt;&lt;/a&gt;一、配置系统环境变量&lt;/h2&gt;&lt;ul&gt;
&lt;li&gt;命令行工具获取&lt;/li&gt;
&lt;li&gt;访问 &lt;a</summary>
        
      
    
    
    
    <category term="Skill" scheme="http://a-b.cc/categories/Skill/"/>
    
    
    <category term="FFmpeg" scheme="http://a-b.cc/tags/FFmpeg/"/>
    
    <category term="转码" scheme="http://a-b.cc/tags/%E8%BD%AC%E7%A0%81/"/>
    
  </entry>
  
  <entry>
    <title>👋Have a Guess? 猜不着!</title>
    <link href="http://a-b.cc/2021/09/24/halo/"/>
    <id>http://a-b.cc/2021/09/24/halo/</id>
    <published>2021-09-24T15:59:59.000Z</published>
    <updated>2023-10-11T14:28:31.045Z</updated>
    
    
      
      
        
        
    <summary type="html">&lt;p&gt;A adulthood man which nearly graduate🎓, I’m willing to provide any assist if it’s needed for you guys~&lt;/p&gt;
&lt;iframe</summary>
        
      
    
    
    
    
    <category term="Intro" scheme="http://a-b.cc/tags/Intro/"/>
    
  </entry>
  
  <entry>
    <title>🚴‍♂️暑期骑行初体验</title>
    <link href="http://a-b.cc/2021/08/20/summer-bicycling/"/>
    <id>http://a-b.cc/2021/08/20/summer-bicycling/</id>
    <published>2021-08-20T00:11:16.000Z</published>
    <updated>2023-10-13T14:21:13.485Z</updated>
    
    
      
      
        
        
    <summary type="html">&lt;h2 id=&quot;短暂的暑假实习收场后，寻思着要不先整个驾照耍耍🤔出于驾校也没多远路程，便翻出积灰多年的🚲先骑车适应一阵子，后面直接骑到驾校去-这才第一天，就被深深震撼到了…&quot;&gt;&lt;a</summary>
        
      
    
    
    
    <category term="Diary" scheme="http://a-b.cc/categories/Diary/"/>
    
    
    <category term="骑行" scheme="http://a-b.cc/tags/%E9%AA%91%E8%A1%8C/"/>
    
  </entry>
  
  <entry>
    <title>🎙️记录初个配音作品</title>
    <link href="http://a-b.cc/2020/12/08/dub-work/"/>
    <id>http://a-b.cc/2020/12/08/dub-work/</id>
    <published>2020-12-08T08:59:33.000Z</published>
    <updated>2023-10-13T15:48:29.488Z</updated>
    
    
      
      
        
        
    <summary type="html">&lt;div id=&quot;player_20221b0a2d8ffcd8&quot;&gt;&lt;/div&gt;
&lt;script type=&quot;text/javascript&quot; data-pjax</summary>
        
      
    
    
    
    <category term="Art" scheme="http://a-b.cc/categories/Art/"/>
    
    
    <category term="配音" scheme="http://a-b.cc/tags/%E9%85%8D%E9%9F%B3/"/>
    
  </entry>
  
  <entry>
    <title>🎨若干随手画</title>
    <link href="http://a-b.cc/2019/09/18/daily-painting/"/>
    <id>http://a-b.cc/2019/09/18/daily-painting/</id>
    <published>2019-09-18T00:19:28.000Z</published>
    <updated>2023-10-13T14:55:39.114Z</updated>
    
    
      
      
        
        
    <summary type="html">&lt;div class=&quot;gallery-group-main&quot;&gt;
 
  &lt;figure class=&quot;gallery-group&quot;&gt;
  &lt;img class=&quot;gallery-group-img no-lightbox&quot;</summary>
        
      
    
    
    
    <category term="Art" scheme="http://a-b.cc/categories/Art/"/>
    
    
    <category term="手绘" scheme="http://a-b.cc/tags/%E6%89%8B%E7%BB%98/"/>
    
  </entry>
  
  <entry>
    <title>Hello World</title>
    <link href="http://a-b.cc/1970/01/01/hello-world/"/>
    <id>http://a-b.cc/1970/01/01/hello-world/</id>
    <published>1970-01-01T00:00:02.012Z</published>
    <updated>2023-10-10T15:39:09.263Z</updated>
    
    
      
      
        
        
    <summary type="html">&lt;p&gt;Welcome to &lt;a href=&quot;https://hexo.io/&quot;&gt;Hexo&lt;/a&gt;! This is your very first post. Check &lt;a href=&quot;https://hexo.io/docs/&quot;&gt;documentation&lt;/a&gt;</summary>
        
      
    
    
    
    
  </entry>
  
</feed>
